{"cameraMode":{"drawMode":0,"name":"Shaded","section":"Shading Mode"},"sceneLighting":false,"audioPlay":false,"sceneViewState":{"m_AlwaysRefresh":false,"showFog":true,"showSkybox":false,"showFlares":true,"showImageEffects":true,"showParticleSystems":true,"showVisualEffectGraphs":true,"m_FxEnabled":true},"in2DMode":false,"pivot":{"x":262.95587158203127,"y":37.20870590209961,"z":12.258833885192871},"rotation":{"x":0.08231587707996369,"y":-0.4919675290584564,"z":0.046763960272073749,"w":0.8654952645301819},"size":34.92967224121094,"orthographic":false}